username,user id,access hash,name,group,group id
zmv6525,1358778677,6297663572660627361,Halona 1-2,culik1,1166665696
yqr7029,1192938071,-5440712966668160855,hana beib,culik1,1166665696
utg2129,1289714909,-4627341533739762714,halona 1 -8,culik1,1166665696
dungtakhan,1389444059,1959698335653232930,hana snak,culik1,1166665696
qwf7293,1395331111,-9044172112898159763,hana lona,culik1,1166665696
poj2699,1376179508,6799486637947110670,Halona 1-7,culik1,1166665696
iloveuhana,1194100144,6018754507882098810,hana nur irawati,culik1,1166665696
halonanar,1269343431,215428711257977288,hana nar,culik1,1166665696
baru_belajaryuk,1192299861,-573127549114601024,Hana Nur Irawati,culik1,1166665696
nza1559,1255150137,-6922168990926028749,Halona 1-5,culik1,1166665696
nkj9941,1117813392,-5435110994435374447,Halona 1-3,culik1,1166665696
nvu9658,1381636210,3550589420552817718,Halona 1-6,culik1,1166665696
meongkuc,795485582,-6105860009931415168,Halona 3-7,culik1,1166665696
hana_lona_2_15,1160905676,-2135933056805612302,hana halona,culik1,1166665696
lastriying,1272359929,407163457306912693,Halona 4-3,culik1,1166665696
dek_hanna,1270042089,3266421819952408813,ika,culik1,1166665696
inayah_crypto,1234938497,4016006131336059144,inayah,culik1,1166665696
cryptogirl_inayah,1186417872,8321230898807170274,••inayah••,culik1,1166665696
halona_halona,1042346210,-5820521353632543952,hana irawati,culik1,1166665696
inayah_5204,1224140586,-5745594012625750412,inayah-5204,culik1,1166665696
inayah_6104,1413322531,6760906218304622026,inayah-6104,culik1,1166665696
inayah_5224,1428773863,-6862908184529364145,inayah-5224,culik1,1166665696
hanlona_3_14,1229169881,-590609368768765725,halona hana,culik1,1166665696
hallo280,1261903095,5841119548123753302,Halona 2-8,culik1,1166665696
hanahalona,1275404063,5530202974532897250,han halona,culik1,1166665696
efa1929,1311497049,7119487881532503245,Halona 1-1,culik1,1166665696
hanhana_halona,1044165434,4275605171533531521,hana halona,culik1,1166665696
han_3_15,1102422119,-6929141510413262182,han 3-15,culik1,1166665696
hannss78,1189564755,8907941645629218432,Halona 3-3,culik1,1166665696
hanlona_4_15,1400118619,-3198501700781586243,hanlona 4-15,culik1,1166665696
hana_dyah,976159119,4493879890011260084,hana dyah,culik1,1166665696
han_halona_3_13,1319352900,3107461273021896075,halona han,culik1,1166665696
hiyatin,1325406984,2577061264852751247,Halona 4-1,culik1,1166665696
baris34O,1299914099,6417170962258058202,Halona 3-8,culik1,1166665696
hana_4_13,1412948001,-5378854596466377230,hana 4-13,culik1,1166665696
hanlona_4_14,1434294799,-3728890883949295052,han halona 4-14,culik1,1166665696
gilingan,910999442,-3808712594335797757,Halona 3-1,culik1,1166665696
frd2969,1056498149,3534599094399109314,dek hana hana,culik1,1166665696
esk3286,1103475258,-4460064151474410931,han han,culik1,1166665696
azrained,1270282155,-2919218740532841000,Halona 4-4,culik1,1166665696
hanana_4_2,1254099246,6685948536418400805,Halona 4-2,culik1,1166665696
hanlona_1_4,1447406134,-2454718271186531948,hanlona 1-4,culik1,1166665696
halona27,1399330321,1938555689140586887,Halona 2-7,culik1,1166665696
halona2t,1235765790,-9162671145986401636,Halona 2-5,culik1,1166665696
hanhalona_3_12,1345048192,6982722466892882090,han halonna,culik1,1166665696
dcb3880,1363931337,1633501563953764690,han halona,culik1,1166665696
Baru_Belajar,505546584,2825491430181315890,Baru Belajar,culik1,1166665696
